step,potential_energy,temperature
1000,-2523.0000000000045,1.0995005000000002
2000,-2685.4000000000046,1.0990005
3000,-2813.000000000007,1.0985005
4000,-2847.800000000004,1.0980005000000002
5000,-2888.4000000000074,1.0975005000000002
6000,-3027.6000000000085,1.0970005
7000,-2871.0000000000073,1.0965004999999999
8000,-2876.800000000007,1.0960005000000002
9000,-2865.2000000000094,1.0955005
10000,-2963.80000000001,1.0950005
11000,-2992.80000000001,1.0945004999999999
12000,-2975.400000000011,1.0940005000000002
13000,-2894.2000000000085,1.0935005
14000,-2871.000000000006,1.0930005
15000,-3021.800000000009,1.0925004999999999
16000,-2876.800000000007,1.0920005000000002
17000,-2929.000000000009,1.0915005
18000,-2963.8000000000075,1.0910005
19000,-2905.800000000007,1.0905005
20000,-2946.4000000000115,1.0900005
21000,-2871.0000000000105,1.0895005000000002
22000,-2876.8000000000065,1.0890005
23000,-2900.0000000000086,1.0885005
24000,-2830.4000000000087,1.0880005000000001
25000,-2952.2000000000094,1.0875005000000002
26000,-2934.8000000000116,1.0870005
27000,-2969.600000000006,1.0865005
28000,-2894.2000000000094,1.0860005000000001
29000,-3021.8000000000084,1.0855005000000002
30000,-2992.8000000000084,1.0850005
31000,-2934.80000000001,1.0845005
32000,-2871.000000000008,1.0840005000000001
33000,-2929.000000000007,1.0835005
34000,-2998.600000000009,1.0830005
35000,-3033.4000000000055,1.0825005
36000,-2963.800000000009,1.0820005
37000,-2992.800000000011,1.0815005
38000,-2917.4000000000083,1.0810005
39000,-2958.0000000000095,1.0805005
40000,-2929.0000000000105,1.0800005
41000,-2911.6000000000095,1.0795005
42000,-3033.4000000000087,1.0790005
43000,-3108.8000000000106,1.0785005
44000,-2934.800000000006,1.0780005000000001
45000,-2952.2000000000094,1.0775005
46000,-3004.4000000000087,1.0770005
47000,-2865.200000000009,1.0765005
48000,-3137.8000000000125,1.0760005000000001
49000,-2975.4000000000083,1.0755005000000002
50000,-3161.0000000000105,1.0750005
51000,-2992.800000000007,1.0745005
52000,-2940.600000000007,1.0740005
53000,-2958.000000000011,1.0735005000000002
54000,-2940.6000000000076,1.0730005
55000,-2992.8000000000106,1.0725005
56000,-3010.2000000000107,1.0720005000000001
57000,-3079.8000000000093,1.0715005
58000,-3068.2000000000075,1.0710005
59000,-2987.0000000000077,1.0705005
60000,-3039.200000000008,1.0700005
61000,-3079.800000000008,1.0695005000000002
62000,-3172.600000000012,1.0690005
63000,-3027.60000000001,1.0685005
64000,-3050.8000000000097,1.0680005
65000,-3091.4000000000115,1.0675005000000002
66000,-3178.4000000000124,1.0670005
67000,-3166.8000000000097,1.0665005
68000,-3108.8000000000097,1.0660005
69000,-3016.0000000000127,1.0655005000000002
70000,-3190.0000000000095,1.0650005
71000,-3097.2000000000116,1.0645005
72000,-2981.2000000000103,1.0640005
73000,-3091.4000000000087,1.0635005000000002
74000,-3027.600000000012,1.0630005
75000,-3091.4000000000096,1.0625005
76000,-3074.000000000012,1.0620005
77000,-3021.800000000007,1.0615005000000002
78000,-3062.400000000009,1.0610005
79000,-3050.80000000001,1.0605005
80000,-3132.0000000000095,1.0600005000000001
81000,-3033.4000000000074,1.0595005
82000,-3033.400000000009,1.0590005
83000,-3027.6000000000085,1.0585005
84000,-3166.800000000011,1.0580005
85000,-3201.600000000007,1.0575005000000002
86000,-3103.000000000007,1.0570005
87000,-3143.600000000009,1.0565005
88000,-3137.8000000000084,1.0560005000000001
89000,-3166.80000000001,1.0555005
90000,-3143.6000000000095,1.0550005
91000,-3259.6000000000113,1.0545005
92000,-3172.6000000000095,1.0540005000000001
93000,-3213.2000000000094,1.0535005
94000,-3288.6000000000113,1.0530005
95000,-3242.200000000011,1.0525005
96000,-3155.2000000000094,1.0520005000000001
97000,-3161.000000000009,1.0515005
98000,-3137.8000000000106,1.0510005
99000,-3166.80000000001,1.0505005
100000,-3219.000000000011,1.0500005000000001
101000,-3166.8000000000075,1.0495005000000002
102000,-3155.2000000000103,1.0490005
103000,-3201.600000000013,1.0485005
104000,-3166.800000000011,1.0480005000000001
105000,-3282.800000000012,1.0475005
106000,-3323.4000000000156,1.0470005
107000,-3242.2000000000153,1.0465005
108000,-3340.800000000017,1.0460004999999999
109000,-3248.0000000000155,1.0455005000000002
110000,-3213.2000000000144,1.0450005
111000,-3311.800000000016,1.0445005
112000,-3253.800000000014,1.0440005
113000,-3317.6000000000154,1.0435005
114000,-3265.400000000012,1.0430005
115000,-3224.8000000000134,1.0425005
116000,-3306.0000000000146,1.0420005
117000,-3178.4000000000133,1.0415005000000002
118000,-3340.800000000014,1.0410005
119000,-3317.600000000014,1.0405005
120000,-3329.200000000012,1.0400005
121000,-3306.0000000000123,1.0395005
122000,-3352.400000000013,1.0390005
123000,-3398.8000000000147,1.0385005
124000,-3456.8000000000116,1.0380005
125000,-3358.2000000000116,1.0375005000000002
126000,-3364.0000000000136,1.0370005
127000,-3300.200000000011,1.0365005
128000,-3445.2000000000103,1.0360005
129000,-3398.800000000011,1.0355005
130000,-3398.800000000012,1.0350005
131000,-3381.400000000014,1.0345005
132000,-3311.800000000011,1.0340005
133000,-3340.8000000000134,1.0335005000000002
134000,-3335.0000000000127,1.0330005
135000,-3352.400000000011,1.0325005
136000,-3364.000000000014,1.0320005
137000,-3329.2000000000135,1.0315005
138000,-3445.200000000013,1.0310005
139000,-3433.6000000000145,1.0305005
140000,-3398.8000000000134,1.0300005
141000,-3329.200000000009,1.0295005000000002
142000,-3410.400000000014,1.0290005
143000,-3404.6000000000117,1.0285005
144000,-3387.2000000000103,1.0280005
145000,-3381.4000000000133,1.0275005
146000,-3375.600000000013,1.0270005
147000,-3433.600000000013,1.0265005
148000,-3242.2000000000144,1.0260005
149000,-3265.400000000014,1.0255005000000001
150000,-3375.600000000015,1.0250005
151000,-3381.400000000013,1.0245005
152000,-3398.8000000000166,1.0240005
153000,-3456.800000000014,1.0235005
154000,-3480.0000000000155,1.0230005
155000,-3468.4000000000133,1.0225005
156000,-3462.6000000000117,1.0220005
157000,-3503.200000000012,1.0215005
158000,-3335.000000000011,1.0210005
159000,-3439.400000000012,1.0205005
160000,-3474.2000000000135,1.0200005
161000,-3480.0000000000123,1.0195005
162000,-3532.2000000000126,1.0190005
163000,-3410.4000000000124,1.0185005
164000,-3503.2000000000107,1.0180005
165000,-3462.6000000000095,1.0175005
166000,-3427.8000000000143,1.0170005
167000,-3369.8000000000134,1.0165005
168000,-3497.400000000012,1.0160005
169000,-3538.0000000000146,1.0155005
170000,-3474.2000000000135,1.0150005
171000,-3532.2000000000144,1.0145005
172000,-3613.400000000016,1.0140005
173000,-3590.2000000000176,1.0135005000000001
174000,-3555.4000000000174,1.0130005
175000,-3462.600000000013,1.0125005
176000,-3596.0000000000136,1.0120005
177000,-3520.600000000012,1.0115005
178000,-3509.000000000013,1.0110005
179000,-3538.0000000000164,1.0105005
180000,-3468.4000000000124,1.0100005
181000,-3433.600000000012,1.0095005
182000,-3567.000000000013,1.0090005
183000,-3578.600000000012,1.0085005
184000,-3613.4000000000146,1.0080005
185000,-3543.8000000000156,1.0075005
186000,-3601.800000000014,1.0070005
187000,-3590.2000000000126,1.0065005
188000,-3520.6000000000136,1.0060005
189000,-3659.8000000000125,1.0055005
190000,-3613.4000000000124,1.0050005
191000,-3543.8000000000147,1.0045005
192000,-3607.600000000013,1.0040005
193000,-3700.400000000013,1.0035005
194000,-3654.00000000001,1.0030005
195000,-3723.6000000000113,1.0025005
196000,-3567.0000000000105,1.0020005
197000,-3648.2000000000116,1.0015005
198000,-3723.600000000013,1.0010005
199000,-3717.8000000000093,1.0005005
200000,-3700.400000000013,1.0000005
201000,-3688.800000000013,1.0
202000,-3677.200000000012,1.0
203000,-3729.400000000014,1.0
204000,-3735.2000000000103,1.0
205000,-3712.000000000014,1.0
206000,-3642.4000000000124,1.0
207000,-3549.6000000000104,1.0
208000,-3613.4000000000115,1.0
209000,-3630.800000000009,1.0
210000,-3741.0000000000086,1.0
211000,-3607.600000000011,1.0
212000,-3671.400000000008,1.0
213000,-3706.2000000000107,1.0
214000,-3758.4000000000133,1.0
215000,-3752.6000000000113,1.0
216000,-3752.600000000012,1.0
217000,-3775.8000000000084,1.0
218000,-3793.2000000000103,1.0
219000,-3781.600000000015,1.0
220000,-3758.4000000000137,1.0
221000,-3874.400000000013,1.0
222000,-3787.40000000001,1.0
223000,-3793.2000000000107,1.0
224000,-3891.8000000000097,1.0
225000,-3839.600000000012,1.0
226000,-3822.2000000000107,1.0
227000,-3793.2000000000126,1.0
228000,-3845.4000000000115,1.0
229000,-3874.400000000011,1.0
230000,-3891.800000000014,1.0
231000,-3973.0000000000127,1.0
232000,-3938.200000000015,1.0
233000,-3880.200000000013,1.0
234000,-3886.000000000013,1.0
235000,-3822.200000000011,1.0
236000,-3868.6000000000126,1.0
237000,-3787.4000000000124,1.0
238000,-3868.6000000000136,1.0
239000,-3810.600000000015,1.0
240000,-3944.0000000000136,1.0
241000,-3857.0000000000136,1.0
242000,-3857.0000000000146,1.0
243000,-3868.6000000000163,1.0
244000,-3857.0000000000127,1.0
245000,-3677.2000000000107,1.0
246000,-3775.8000000000097,1.0
247000,-3804.8000000000125,1.0
248000,-3810.600000000016,1.0
249000,-3764.200000000012,1.0
250000,-3723.600000000012,1.0
251000,-3654.000000000014,1.0
252000,-3746.800000000013,1.0
253000,-3804.800000000011,1.0
254000,-3868.60000000001,1.0
255000,-3857.000000000008,1.0
256000,-3909.2000000000144,1.0
257000,-3793.2000000000144,1.0
258000,-3758.4000000000115,1.0
259000,-3868.600000000014,1.0
260000,-3793.200000000013,1.0
261000,-3857.00000000001,1.0
262000,-3833.800000000013,1.0
263000,-3781.6000000000126,1.0
264000,-3897.600000000013,1.0
265000,-3857.00000000001,1.0
266000,-3828.000000000012,1.0
267000,-3903.4000000000137,1.0
268000,-3909.2000000000144,1.0
269000,-3828.0000000000123,1.0
270000,-3804.800000000011,1.0
271000,-3758.4000000000137,1.0
272000,-3839.6000000000117,1.0
273000,-3810.6000000000136,1.0
274000,-3851.2000000000116,1.0
275000,-3816.40000000001,1.0
276000,-3915.00000000001,1.0
277000,-3845.400000000011,1.0
278000,-3816.4000000000124,1.0
279000,-3839.6000000000126,1.0
280000,-3793.200000000014,1.0
281000,-3810.600000000014,1.0
282000,-3787.4000000000137,1.0
283000,-3845.400000000015,1.0
284000,-3920.800000000016,1.0
285000,-3874.4000000000146,1.0
286000,-3857.0000000000146,1.0
287000,-3897.600000000013,1.0
288000,-3833.800000000013,1.0
289000,-3874.4000000000174,1.0
290000,-3886.0000000000177,1.0
291000,-3862.800000000017,1.0
292000,-3857.000000000017,1.0
293000,-3828.0000000000155,1.0
294000,-3897.600000000018,1.0
295000,-3891.800000000017,1.0
296000,-3903.400000000018,1.0
297000,-3886.0000000000177,1.0
298000,-3862.800000000017,1.0
299000,-3810.600000000017,1.0
300000,-3810.6000000000145,1.0
301000,-3897.600000000017,1.0
302000,-3944.0000000000146,1.0
303000,-3903.4000000000187,1.0
304000,-3897.6000000000204,1.0
305000,-3984.600000000019,1.0
306000,-3932.4000000000196,1.0
307000,-3845.4000000000183,1.0
308000,-3868.600000000015,1.0
309000,-3978.800000000017,1.0
310000,-3897.600000000014,1.0
311000,-3886.0000000000136,1.0
312000,-3903.4000000000133,1.0
313000,-4048.4000000000133,1.0
314000,-3984.6000000000136,1.0
315000,-3903.4000000000156,1.0
316000,-3903.4000000000156,1.0
317000,-3915.000000000018,1.0
318000,-3874.4000000000156,1.0
319000,-3978.800000000016,1.0
320000,-3909.200000000015,1.0
321000,-3932.400000000012,1.0
322000,-3944.000000000014,1.0
323000,-3949.800000000016,1.0
324000,-3909.200000000015,1.0
325000,-3949.800000000016,1.0
326000,-3920.8000000000143,1.0
327000,-4054.2000000000176,1.0
328000,-3984.600000000015,1.0
329000,-3949.800000000014,1.0
330000,-3938.2000000000135,1.0
331000,-3967.200000000013,1.0
332000,-3915.000000000013,1.0
333000,-4002.000000000016,1.0
334000,-4002.000000000019,1.0
335000,-3903.400000000015,1.0
336000,-3984.6000000000163,1.0
337000,-4065.8000000000166,1.0
338000,-4042.6000000000163,1.0
339000,-3955.6000000000154,1.0
340000,-3944.0000000000136,1.0
341000,-3828.000000000015,1.0
342000,-3938.200000000016,1.0
343000,-3915.0000000000123,1.0
344000,-3938.2000000000135,1.0
345000,-3973.000000000015,1.0
346000,-3932.400000000016,1.0
347000,-4013.600000000014,1.0
348000,-4042.600000000017,1.0
349000,-3920.8000000000156,1.0
350000,-3938.200000000016,1.0
351000,-4031.0000000000146,1.0
352000,-4036.8000000000147,1.0
353000,-3990.4000000000165,1.0
354000,-4025.2000000000153,1.0
355000,-4019.4000000000156,1.0
356000,-3944.000000000016,1.0
357000,-4007.8000000000143,1.0
358000,-4071.6000000000167,1.0
359000,-4060.0000000000173,1.0
360000,-3978.800000000015,1.0
361000,-4002.0000000000173,1.0
362000,-4071.600000000017,1.0
363000,-4083.200000000014,1.0
364000,-4042.6000000000145,1.0
365000,-4106.400000000015,1.0
366000,-4170.200000000016,1.0
367000,-4135.400000000018,1.0
368000,-4164.400000000018,1.0
369000,-4152.800000000019,1.0
370000,-4106.400000000017,1.0
371000,-4181.800000000018,1.0
372000,-4042.600000000013,1.0
373000,-4019.400000000011,1.0
374000,-4042.6000000000145,1.0
375000,-4118.000000000015,1.0
376000,-4071.6000000000136,1.0
377000,-4031.000000000015,1.0
378000,-4083.2000000000157,1.0
379000,-3944.0000000000127,1.0
380000,-3920.8000000000156,1.0
381000,-3978.800000000015,1.0
382000,-4007.800000000015,1.0
383000,-3932.4000000000137,1.0
384000,-3996.200000000016,1.0
385000,-3978.800000000015,1.0
386000,-3996.200000000014,1.0
387000,-3978.8000000000116,1.0
388000,-3920.8000000000147,1.0
389000,-3978.800000000013,1.0
390000,-3955.600000000015,1.0
391000,-3961.400000000014,1.0
392000,-4019.400000000017,1.0
393000,-4083.2000000000144,1.0
394000,-3990.4000000000137,1.0
395000,-3961.4000000000137,1.0
396000,-4042.6000000000154,1.0
397000,-4007.8000000000156,1.0
398000,-4094.800000000014,1.0
399000,-4013.600000000015,1.0
400000,-3990.400000000017,1.0
401000,-4112.200000000016,1.0
402000,-4112.200000000014,1.0
403000,-4071.600000000016,1.0
404000,-4089.000000000014,1.0
405000,-4118.000000000016,1.0
406000,-4106.400000000015,1.0
407000,-4123.800000000014,1.0
408000,-4106.400000000015,1.0
409000,-4228.200000000016,1.0
410000,-4222.400000000015,1.0
411000,-4257.200000000014,1.0
412000,-4234.000000000016,1.0
413000,-4216.600000000016,1.0
414000,-4239.800000000014,1.0
415000,-4222.400000000013,1.0
416000,-4118.000000000015,1.0
417000,-4158.600000000013,1.0
418000,-4135.40000000001,1.0
419000,-4181.800000000012,1.0
420000,-4158.600000000013,1.0
421000,-4257.200000000014,1.0
422000,-4187.600000000017,1.0
423000,-4181.800000000015,1.0
424000,-4152.800000000014,1.0
425000,-4176.000000000016,1.0
426000,-4251.400000000018,1.0
427000,-4205.000000000014,1.0
428000,-4193.400000000014,1.0
429000,-4274.600000000016,1.0
430000,-4228.200000000014,1.0
431000,-4234.000000000015,1.0
432000,-4361.600000000016,1.0
433000,-4280.400000000018,1.0
434000,-4292.000000000016,1.0
435000,-4303.600000000017,1.0
436000,-4297.800000000016,1.0
437000,-4315.200000000017,1.0
438000,-4263.000000000014,1.0
439000,-4268.800000000017,1.0
440000,-4263.000000000018,1.0
441000,-4280.400000000017,1.0
442000,-4216.600000000014,1.0
443000,-4292.000000000017,1.0
444000,-4297.800000000017,1.0
445000,-4309.400000000018,1.0
446000,-4176.000000000014,1.0
447000,-4239.800000000015,1.0
448000,-4309.400000000018,1.0
449000,-4292.000000000019,1.0
450000,-4321.000000000019,1.0
451000,-4292.000000000018,1.0
452000,-4286.20000000002,1.0
453000,-4315.200000000019,1.0
454000,-4344.20000000002,1.0
455000,-4303.600000000018,1.0
456000,-4210.8000000000175,1.0
457000,-4222.400000000016,1.0
458000,-4234.000000000015,1.0
459000,-4181.800000000012,1.0
460000,-4251.400000000019,1.0
461000,-4326.800000000021,1.0
462000,-4303.600000000017,1.0
463000,-4384.800000000019,1.0
464000,-4361.600000000021,1.0
465000,-4350.000000000018,1.0
466000,-4315.200000000018,1.0
467000,-4228.200000000019,1.0
468000,-4350.00000000002,1.0
469000,-4338.40000000002,1.0
470000,-4344.200000000018,1.0
471000,-4402.200000000021,1.0
472000,-4384.800000000022,1.0
473000,-4431.200000000019,1.0
474000,-4466.000000000019,1.0
475000,-4506.600000000021,1.0
476000,-4529.800000000024,1.0
477000,-4506.60000000002,1.0
478000,-4547.200000000025,1.0
479000,-4587.800000000026,1.0
480000,-4524.000000000022,1.0
481000,-4500.800000000025,1.0
482000,-4483.400000000022,1.0
483000,-4408.000000000022,1.0
484000,-4431.2000000000235,1.0
485000,-4419.60000000002,1.0
486000,-4442.800000000019,1.0
487000,-4466.000000000022,1.0
488000,-4500.80000000002,1.0
489000,-4477.600000000021,1.0
490000,-4442.800000000024,1.0
491000,-4471.800000000022,1.0
492000,-4518.20000000002,1.0
493000,-4535.600000000025,1.0
494000,-4471.800000000021,1.0
495000,-4471.800000000024,1.0
496000,-4512.4000000000215,1.0
497000,-4529.800000000023,1.0
498000,-4535.600000000023,1.0
499000,-4466.000000000021,1.0
500000,-4402.200000000023,1.0
501000,-4512.40000000002,1.0
502000,-4489.2000000000235,1.0
503000,-4512.400000000022,1.0
504000,-4558.800000000022,1.0
505000,-4535.600000000021,1.0
506000,-4437.00000000002,1.0
507000,-4396.40000000002,1.0
508000,-4390.600000000019,1.0
509000,-4454.400000000021,1.0
510000,-4437.000000000019,1.0
511000,-4384.800000000017,1.0
512000,-4419.600000000019,1.0
513000,-4471.800000000018,1.0
514000,-4419.600000000019,1.0
515000,-4500.80000000002,1.0
516000,-4512.4000000000215,1.0
517000,-4483.400000000021,1.0
518000,-4466.000000000019,1.0
519000,-4437.000000000018,1.0
520000,-4419.600000000019,1.0
521000,-4489.200000000021,1.0
522000,-4466.000000000018,1.0
523000,-4454.400000000021,1.0
524000,-4518.200000000022,1.0
525000,-4477.600000000019,1.0
526000,-4431.200000000018,1.0
527000,-4437.00000000002,1.0
528000,-4466.000000000022,1.0
529000,-4355.80000000002,1.0
530000,-4355.800000000021,1.0
531000,-4384.800000000022,1.0
532000,-4379.000000000023,1.0
533000,-4379.000000000023,1.0
534000,-4448.600000000021,1.0
535000,-4477.600000000026,1.0
536000,-4489.200000000024,1.0
537000,-4431.200000000022,1.0
538000,-4489.2000000000235,1.0
539000,-4489.200000000022,1.0
540000,-4454.400000000022,1.0
541000,-4454.400000000021,1.0
542000,-4442.800000000019,1.0
543000,-4570.400000000021,1.0
544000,-4460.200000000019,1.0
545000,-4535.600000000023,1.0
546000,-4477.6000000000195,1.0
547000,-4437.000000000019,1.0
548000,-4535.600000000023,1.0
549000,-4518.200000000022,1.0
550000,-4437.000000000021,1.0
551000,-4448.600000000022,1.0
552000,-4471.80000000002,1.0
553000,-4524.000000000025,1.0
554000,-4558.800000000024,1.0
555000,-4616.800000000027,1.0
556000,-4599.400000000024,1.0
557000,-4587.8000000000275,1.0
558000,-4605.200000000025,1.0
559000,-4640.0000000000255,1.0
560000,-4669.000000000023,1.0
561000,-4651.600000000022,1.0
562000,-4686.400000000025,1.0
563000,-4738.600000000025,1.0
564000,-4634.2000000000235,1.0
565000,-4651.600000000024,1.0
566000,-4587.800000000023,1.0
567000,-4535.600000000021,1.0
568000,-4582.000000000022,1.0
569000,-4587.800000000021,1.0
570000,-4547.200000000023,1.0
571000,-4483.400000000022,1.0
572000,-4645.800000000024,1.0
573000,-4616.800000000021,1.0
574000,-4547.2000000000235,1.0
575000,-4564.600000000022,1.0
576000,-4558.800000000023,1.0
577000,-4570.4000000000215,1.0
578000,-4674.800000000024,1.0
579000,-4628.400000000022,1.0
580000,-4599.400000000022,1.0
581000,-4587.800000000023,1.0
582000,-4535.600000000021,1.0
583000,-4605.200000000023,1.0
584000,-4553.000000000023,1.0
585000,-4506.6000000000195,1.0
586000,-4529.800000000021,1.0
587000,-4460.20000000002,1.0
588000,-4605.200000000023,1.0
589000,-4529.800000000022,1.0
590000,-4582.000000000021,1.0
591000,-4593.600000000021,1.0
592000,-4558.800000000024,1.0
593000,-4553.000000000024,1.0
594000,-4570.400000000023,1.0
595000,-4524.000000000022,1.0
596000,-4466.000000000021,1.0
597000,-4547.20000000002,1.0
598000,-4495.000000000019,1.0
599000,-4466.000000000021,1.0
600000,-4570.400000000023,1.0
601000,-4477.6000000000195,1.0
602000,-4442.80000000002,1.0
603000,-4442.800000000021,1.0
604000,-4460.20000000002,1.0
605000,-4506.600000000021,1.0
606000,-4390.60000000002,1.0
607000,-4466.000000000024,1.0
608000,-4413.800000000021,1.0
609000,-4460.200000000023,1.0
610000,-4437.000000000021,1.0
611000,-4448.600000000023,1.0
612000,-4437.000000000022,1.0
613000,-4402.200000000021,1.0
614000,-4454.400000000022,1.0
615000,-4524.000000000022,1.0
616000,-4466.00000000002,1.0
617000,-4500.80000000002,1.0
618000,-4547.200000000023,1.0
619000,-4495.000000000023,1.0
620000,-4506.600000000021,1.0
621000,-4460.200000000022,1.0
622000,-4442.800000000021,1.0
623000,-4454.400000000023,1.0
624000,-4466.00000000002,1.0
625000,-4477.6000000000195,1.0
626000,-4535.60000000002,1.0
627000,-4558.80000000002,1.0
628000,-4570.400000000021,1.0
629000,-4518.20000000002,1.0
630000,-4500.800000000019,1.0
631000,-4564.600000000024,1.0
632000,-4541.400000000022,1.0
633000,-4564.600000000025,1.0
634000,-4634.2000000000235,1.0
635000,-4628.400000000022,1.0
636000,-4605.200000000023,1.0
637000,-4605.200000000023,1.0
638000,-4576.200000000024,1.0
639000,-4640.000000000024,1.0
640000,-4593.600000000025,1.0
641000,-4640.000000000022,1.0
642000,-4628.400000000023,1.0
643000,-4663.2000000000235,1.0
644000,-4680.600000000022,1.0
645000,-4744.400000000022,1.0
646000,-4808.2000000000235,1.0
647000,-4709.600000000022,1.0
648000,-4703.800000000025,1.0
649000,-4790.800000000025,1.0
650000,-4854.600000000025,1.0
651000,-4843.0000000000255,1.0
652000,-4848.8000000000275,1.0
653000,-4808.200000000026,1.0
654000,-4843.000000000026,1.0
655000,-4854.600000000027,1.0
656000,-4854.600000000027,1.0
657000,-4802.400000000025,1.0
658000,-4860.400000000027,1.0
659000,-4837.200000000025,1.0
660000,-4837.200000000026,1.0
661000,-4848.800000000026,1.0
662000,-4848.800000000027,1.0
663000,-4814.000000000026,1.0
664000,-4918.400000000029,1.0
665000,-4959.000000000029,1.0
666000,-4982.200000000029,1.0
667000,-4901.000000000029,1.0
668000,-4825.600000000027,1.0
669000,-4825.600000000027,1.0
670000,-4767.600000000024,1.0
671000,-4785.0000000000255,1.0
672000,-4814.000000000026,1.0
673000,-4819.800000000025,1.0
674000,-4715.400000000022,1.0
675000,-4883.600000000027,1.0
676000,-4837.200000000025,1.0
677000,-4802.400000000025,1.0
678000,-4785.000000000025,1.0
679000,-4848.8000000000275,1.0
680000,-4790.800000000027,1.0
681000,-4750.200000000025,1.0
682000,-4767.600000000026,1.0
683000,-4738.600000000025,1.0
684000,-4750.2000000000235,1.0
685000,-4785.000000000026,1.0
686000,-4761.800000000026,1.0
687000,-4773.400000000027,1.0
688000,-4843.0000000000255,1.0
689000,-4825.600000000024,1.0
690000,-4843.000000000025,1.0
691000,-4872.000000000027,1.0
692000,-4814.0000000000255,1.0
693000,-4767.600000000027,1.0
694000,-4773.400000000022,1.0
695000,-4767.600000000024,1.0
696000,-4814.000000000023,1.0
697000,-4866.200000000024,1.0
698000,-4883.600000000022,1.0
699000,-4790.800000000023,1.0
700000,-4848.800000000025,1.0
701000,-4837.2000000000235,1.0
702000,-4848.800000000026,1.0
703000,-4790.800000000024,1.0
704000,-4843.000000000023,1.0
705000,-4825.600000000022,1.0
706000,-4877.800000000023,1.0
707000,-4866.2000000000235,1.0
708000,-4802.4000000000215,1.0
709000,-4843.000000000023,1.0
710000,-4906.800000000024,1.0
711000,-4860.400000000022,1.0
712000,-4825.60000000002,1.0
713000,-4877.800000000021,1.0
714000,-4901.000000000022,1.0
715000,-4906.800000000021,1.0
716000,-4872.000000000024,1.0
717000,-4843.000000000021,1.0
718000,-4889.400000000025,1.0
719000,-4895.2000000000235,1.0
720000,-4866.2000000000235,1.0
721000,-4872.000000000024,1.0
722000,-4848.800000000027,1.0
723000,-4877.800000000025,1.0
724000,-4889.400000000024,1.0
725000,-4831.400000000022,1.0
726000,-4790.80000000002,1.0
727000,-4779.200000000021,1.0
728000,-4796.600000000021,1.0
729000,-4831.40000000002,1.0
730000,-4767.600000000019,1.0
731000,-4831.400000000021,1.0
732000,-4819.800000000022,1.0
733000,-4848.800000000022,1.0
734000,-4825.600000000022,1.0
735000,-4843.0000000000255,1.0
736000,-4779.2000000000235,1.0
737000,-4819.800000000025,1.0
738000,-4860.400000000026,1.0
739000,-4860.400000000027,1.0
740000,-4814.000000000026,1.0
741000,-4854.600000000026,1.0
742000,-4883.600000000025,1.0
743000,-4872.000000000022,1.0
744000,-4814.000000000023,1.0
745000,-4848.800000000026,1.0
746000,-4860.400000000027,1.0
747000,-4825.600000000026,1.0
748000,-4918.400000000028,1.0
749000,-4831.400000000024,1.0
750000,-4825.600000000026,1.0
751000,-4883.600000000026,1.0
752000,-4808.200000000025,1.0
753000,-4872.000000000027,1.0
754000,-4889.400000000028,1.0
755000,-4866.200000000026,1.0
756000,-4877.800000000027,1.0
757000,-4866.200000000025,1.0
758000,-4854.600000000024,1.0
759000,-4901.0000000000255,1.0
760000,-4854.600000000025,1.0
761000,-4877.800000000024,1.0
762000,-4866.200000000022,1.0
763000,-4866.200000000022,1.0
764000,-4848.800000000023,1.0
765000,-4796.600000000023,1.0
766000,-4802.400000000023,1.0
767000,-4738.600000000021,1.0
768000,-4744.400000000022,1.0
769000,-4738.600000000022,1.0
770000,-4756.000000000019,1.0
771000,-4756.000000000019,1.0
772000,-4767.600000000023,1.0
773000,-4790.80000000002,1.0
774000,-4732.800000000021,1.0
775000,-4802.400000000023,1.0
776000,-4819.800000000024,1.0
777000,-4750.200000000023,1.0
778000,-4796.600000000023,1.0
779000,-4750.200000000021,1.0
780000,-4732.800000000022,1.0
781000,-4761.800000000024,1.0
782000,-4750.200000000022,1.0
783000,-4744.400000000021,1.0
784000,-4837.200000000024,1.0
785000,-4802.40000000002,1.0
786000,-4837.200000000022,1.0
787000,-4785.000000000021,1.0
788000,-4825.600000000023,1.0
789000,-4808.200000000021,1.0
790000,-4767.600000000023,1.0
791000,-4831.4000000000215,1.0
792000,-4825.600000000024,1.0
793000,-4802.400000000024,1.0
794000,-4767.600000000024,1.0
795000,-4808.200000000023,1.0
796000,-4877.80000000002,1.0
797000,-4906.800000000023,1.0
798000,-4825.600000000021,1.0
799000,-4906.800000000023,1.0
800000,-4866.2000000000235,1.0
801000,-4889.400000000022,1.0
802000,-4924.2000000000235,1.0
803000,-4935.800000000023,1.0
804000,-4912.600000000023,1.0
805000,-4883.600000000024,1.0
806000,-4872.000000000023,1.0
807000,-4918.400000000024,1.0
808000,-4848.800000000023,1.0
809000,-4877.800000000025,1.0
810000,-4912.600000000024,1.0
811000,-4854.600000000023,1.0
812000,-4912.600000000027,1.0
813000,-4854.600000000024,1.0
814000,-4796.600000000021,1.0
815000,-4837.200000000023,1.0
816000,-4906.800000000025,1.0
817000,-4848.800000000022,1.0
818000,-4848.800000000021,1.0
819000,-4877.800000000022,1.0
820000,-4843.000000000024,1.0
821000,-4808.200000000023,1.0
822000,-4761.800000000022,1.0
823000,-4744.400000000022,1.0
824000,-4779.200000000023,1.0
825000,-4814.000000000025,1.0
826000,-4790.800000000024,1.0
827000,-4860.400000000026,1.0
828000,-4866.200000000025,1.0
829000,-4883.600000000026,1.0
830000,-4877.800000000026,1.0
831000,-4947.400000000025,1.0
832000,-4918.400000000025,1.0
833000,-4912.600000000026,1.0
834000,-4912.600000000024,1.0
835000,-4843.000000000026,1.0
836000,-4935.800000000028,1.0
837000,-4883.600000000025,1.0
838000,-4895.200000000025,1.0
839000,-4941.600000000026,1.0
840000,-4860.400000000024,1.0
841000,-4993.800000000027,1.0
842000,-4941.600000000022,1.0
843000,-4935.800000000024,1.0
844000,-4883.600000000022,1.0
845000,-4889.4000000000215,1.0
846000,-4895.200000000023,1.0
847000,-4872.00000000002,1.0
848000,-4918.4000000000215,1.0
849000,-4860.400000000023,1.0
850000,-4918.400000000024,1.0
851000,-4941.600000000022,1.0
852000,-4883.60000000002,1.0
853000,-4924.200000000022,1.0
854000,-4854.600000000022,1.0
855000,-4883.600000000022,1.0
856000,-4924.200000000024,1.0
857000,-4889.400000000023,1.0
858000,-4906.800000000024,1.0
859000,-4941.600000000024,1.0
860000,-4930.000000000024,1.0
861000,-4982.200000000024,1.0
862000,-4988.000000000022,1.0
863000,-4953.20000000002,1.0
864000,-4999.60000000002,1.0
865000,-4918.400000000024,1.0
866000,-4924.200000000023,1.0
867000,-4988.000000000024,1.0
868000,-5005.400000000023,1.0
869000,-4970.600000000024,1.0
870000,-4982.200000000024,1.0
871000,-5005.400000000023,1.0
872000,-5080.800000000025,1.0
873000,-4953.200000000023,1.0
874000,-4947.400000000024,1.0
875000,-5017.000000000024,1.0
876000,-5028.600000000024,1.0
877000,-4993.800000000023,1.0
878000,-4970.600000000022,1.0
879000,-5040.200000000024,1.0
880000,-5057.600000000022,1.0
881000,-5034.400000000024,1.0
882000,-5028.600000000022,1.0
883000,-5028.600000000023,1.0
884000,-5086.600000000021,1.0
885000,-5063.4000000000215,1.0
886000,-5075.000000000023,1.0
887000,-5092.4000000000215,1.0
888000,-5051.800000000023,1.0
889000,-4999.600000000023,1.0
890000,-5057.600000000024,1.0
891000,-5022.80000000002,1.0
892000,-5034.400000000022,1.0
893000,-5046.000000000024,1.0
894000,-5109.800000000022,1.0
895000,-5069.20000000002,1.0
896000,-5040.200000000023,1.0
897000,-5022.800000000023,1.0
898000,-5046.000000000023,1.0
899000,-5092.400000000023,1.0
900000,-5075.000000000023,1.0
901000,-5063.400000000024,1.0
902000,-5109.800000000025,1.0
903000,-5080.800000000026,1.0
904000,-5109.800000000024,1.0
905000,-5069.2000000000235,1.0
906000,-5121.400000000023,1.0
907000,-5104.000000000024,1.0
908000,-5104.000000000025,1.0
909000,-5098.2000000000235,1.0
910000,-5075.000000000022,1.0
911000,-5069.200000000026,1.0
912000,-5057.600000000028,1.0
913000,-5046.000000000026,1.0
914000,-5040.2000000000235,1.0
915000,-5034.400000000023,1.0
916000,-4988.000000000025,1.0
917000,-5080.800000000024,1.0
918000,-5022.800000000024,1.0
919000,-5022.800000000022,1.0
920000,-5011.200000000025,1.0
921000,-4970.600000000027,1.0
922000,-5022.800000000025,1.0
923000,-4976.400000000024,1.0
924000,-4970.600000000023,1.0
925000,-4982.200000000025,1.0
926000,-4988.000000000025,1.0
927000,-4953.200000000023,1.0
928000,-4976.400000000025,1.0
929000,-4999.600000000026,1.0
930000,-5057.600000000023,1.0
931000,-5063.400000000023,1.0
932000,-5086.600000000025,1.0
933000,-5046.0000000000255,1.0
934000,-5069.200000000027,1.0
935000,-5046.000000000028,1.0
936000,-5121.400000000029,1.0
937000,-5075.000000000028,1.0
938000,-5057.600000000029,1.0
939000,-5028.600000000029,1.0
940000,-4982.200000000026,1.0
941000,-5104.0000000000255,1.0
942000,-5121.400000000028,1.0
943000,-5075.000000000026,1.0
944000,-5057.600000000028,1.0
945000,-5104.000000000026,1.0
946000,-5063.400000000023,1.0
947000,-5046.0000000000255,1.0
948000,-5063.400000000026,1.0
949000,-5034.400000000026,1.0
950000,-4999.600000000027,1.0
951000,-4918.400000000026,1.0
952000,-4970.600000000025,1.0
953000,-4993.800000000026,1.0
954000,-4976.400000000023,1.0
955000,-4912.600000000025,1.0
956000,-5005.400000000026,1.0
957000,-4941.600000000026,1.0
958000,-4877.8000000000275,1.0
959000,-4964.800000000025,1.0
960000,-4930.0000000000255,1.0
961000,-5017.0000000000255,1.0
962000,-5017.000000000027,1.0
963000,-5017.000000000026,1.0
964000,-4993.800000000028,1.0
965000,-4999.600000000027,1.0
966000,-5005.40000000003,1.0
967000,-5017.000000000027,1.0
968000,-5086.600000000027,1.0
969000,-5017.000000000029,1.0
970000,-4988.000000000028,1.0
971000,-5022.800000000026,1.0
972000,-4970.600000000028,1.0
973000,-4924.200000000027,1.0
974000,-4953.200000000027,1.0
975000,-4930.000000000024,1.0
976000,-4993.800000000024,1.0
977000,-4947.400000000025,1.0
978000,-4959.0000000000255,1.0
979000,-4982.200000000027,1.0
980000,-4982.200000000027,1.0
981000,-4982.200000000026,1.0
982000,-4970.600000000028,1.0
983000,-5011.200000000029,1.0
984000,-5017.000000000027,1.0
985000,-4999.600000000028,1.0
986000,-5022.800000000026,1.0
987000,-4953.200000000026,1.0
988000,-4924.200000000028,1.0
989000,-4953.200000000027,1.0
990000,-4964.800000000027,1.0
991000,-4970.600000000026,1.0
992000,-4988.000000000027,1.0
993000,-4941.600000000027,1.0
994000,-4959.000000000026,1.0
995000,-4912.600000000023,1.0
996000,-4982.200000000027,1.0
997000,-4970.600000000028,1.0
998000,-4993.8000000000275,1.0
999000,-4941.600000000025,1.0
1000000,-5051.800000000026,1.0
